first_name,last_name,email,Employee Title
Tamas,Hawking,thawking0@epa.gov,Engineer II
Alexis,Caslin,acaslin1@unicef.org,Sr Solution Architect
Karyn,Rubega,krubega2@blogtalkradio.com,Customer Marketing Manager
Cristal,Sabey,csabey3@mediafire.com,Senior Engineer II
Erwin,Crocetti,ecrocetti4@miitbeian.gov.cn,Identity Solutions Engineer 
Jarred,Ratcliff,jratcliff5@google.co.jp,Data Scientist
Kurtis,Brosoli,kbrosoli6@newsvine.com,Developer Support Engineer
Vania,Hallbird,vhallbird7@time.com,Field Delivery Manager
Geordie,Amyes,gamyes8@google.ru,Solutions Engineer
Stewart,Brine,sbrine9@virginia.edu,Senior Engineer
Salomo,Hansen,shansena@surveymonkey.com,"Director, Risk, Compliance & IT (GRC) "
Tucky,Pennone,tpennoneb@blinklist.com,Sr. Developer Advocate Engineer
Wren,Chaperlin,wchaperlinc@yale.edu,Consultant
Quincey,Agutter,qagutterd@artisteer.com,Consultant
Cash,McAnulty,cmcanultye@4shared.com,Product Manager
Corissa,Sineath,csineathf@a8.net,"Manager, IT"
Joshia,Struss,jstrussg@dot.gov,
Chantal,Kilmartin,ckilmartinh@tinypic.com,"Senior Manager, Engineering"
Zaria,Davie,zdaviei@tamu.edu,Security Engineer DFIR
Chet,Durdan,cdurdanj@cafepress.com,Staff Engineer
Sherwynd,Hassard,shassardk@hud.gov,"Lead, Solutions Engineering"
Blair,Witherden,bwitherdenl@chron.com,Engineer
Abbie,Decourcy,adecourcym@guardian.co.uk,"Senior Director, Sales"
Chrissie,Heliot,cheliotn@addtoany.com,Consultant
Lauraine,Pennazzi,lpennazzio@vistaprint.com,Account Development Rep
Maye,Lovatt,mlovattp@exblog.jp,Consultant
Ivie,Hasted,ihastedq@chronoengine.com,Consultant
Neill,Geertz,ngeertzr@barnesandnoble.com,Marketing Automation Coordinator
Thorndike,Paddingdon,tpaddingdons@jugem.jp,Engineer I
Timmie,Semark,tsemarkt@tmall.com,
Robinetta,Wildt,rwildtu@blogs.com,Solutions Architect
Marco,McLay,mmclayv@hc360.com,Director of Product Marketing
Bartel,Serot,bserotw@wikipedia.org,"Sr. Director, Recruiting"
Dominique,Wimsett,dwimsettx@narod.ru,"Director, Private SaaS & Program Delivery"
Terri,Terbrug,tterbrugy@nature.com,Customer Program Manager
Winslow,Reinhard,wreinhardz@sciencedaily.com,Senior Solutions Engineer
Jacklyn,Tomlins,jtomlins10@wix.com,Account Development Rep
Brita,Vanetti,bvanetti11@fema.gov,Senior Accountant
Nevile,Keates,nkeates12@jiathis.com,R&D Content Engineer
Teddy,Vila,tvila13@techcrunch.com,Customer Advocate Specialist
Shelby,Moyce,smoyce14@technorati.com,Product Owner
Flint,Glaserman,fglaserman15@bluehost.com,"Manager I, Engineering"
Matthus,Permain,mpermain16@dell.com,Account Development Representative Manager
Geri,Ouldcott,gouldcott17@google.cn,SMB Account Executive
Taylor,Karolowski,tkarolowski18@alibaba.com,Product Marketing Manager
Bev,Crumby,bcrumby19@cdc.gov,Recruiter
Kassi,Bushaway,kbushaway1a@cyberchimps.com,Product Designer
Gardy,Beament,gbeament1b@mail.ru,"Sr. Director, Global Professional Services"
Shadow,Leathes,sleathes1c@fema.gov,Security Awareness Manager
Thurstan,Baulcombe,tbaulcombe1d@typepad.com,Senior Engineer
Lewiss,Clarke,lclarke1e@wikispaces.com,"Lead Engineer, Test Automation"
Hoyt,Churn,hchurn1f@jimdo.com,Senior Engineer
Curr,Ayer,cayer1g@myspace.com,Principal Product Manager
Shepard,Cars,scars1h@mac.com,"Director, Technical Account Management, EMEA"
Tallou,Whymark,twhymark1i@wikispaces.com,Chief of Staff
Claribel,McCafferty,cmccafferty1j@cornell.edu,Solutions Architect
Anestassia,Thandi,athandi1k@ox.ac.uk,Senior Engineer II
Lindsay,McJerrow,lmcjerrow1l@altervista.org,Full Stack Engineer
Roseline,Avo,ravo1m@noaa.gov,Technical Account Manager
Stacee,Okker,sokker1n@unblog.fr,Small Business Account Executive
Dag,Molen,dmolen1o@hc360.com,
Shelli,Mirams,smirams1p@tmall.com,
Blondell,Lickorish,blickorish1q@facebook.com,
Raymond,Kuna,rkuna1r@networksolutions.com,
Torey,Patriskson,tpatriskson1s@yolasite.com,
Fredek,Beisley,fbeisley1t@liveinternet.ru,
Desi,Djekic,ddjekic1u@free.fr,Recruiting Coordinator
Moises,Suarez,msuarez1v@usda.gov,Social Media Community Manager
Kathryne,Sweeney,ksweeney1w@sourceforge.net,Visual Designer
Carlye,Wellsman,cwellsman1x@fotki.com,Chief Financial Officer
Jandy,McLarty,jmclarty1y@xrea.com,Account Development Rep
Antonius,Bearn,abearn1z@gov.uk,Cloud Security Engineer
Becka,Greet,bgreet20@bloomberg.com,UI Engineer
Beau,Coneley,bconeley21@senate.gov,
Berty,Abbate,babbate22@netvibes.com,Developer Advocate Engineer
Kirstyn,Macewan,kmacewan23@stanford.edu,"Manager, Project Management"
Vevay,Ovesen,vovesen24@auda.org.au,Account Development Rep
Flint,Grishakov,fgrishakov25@linkedin.com,"Director, Revenue Strategy"
Aryn,Lamburn,alamburn26@fotki.com,Senior Engineer II
Toby,Dripp,tdripp27@imdb.com,"VP, Business Development"
Tabby,Abramamov,tabramamov28@themeforest.net,Developer Support Engineer
Marcos,Gulliman,mgulliman29@usa.gov,Engineer
Frasquito,Barabisch,fbarabisch2a@nasa.gov,Enterprise Account Executive
Winston,Arundel,warundel2b@skyrock.com,E-Learning Developer
Jerome,Le Prevost,jleprevost2c@surveymonkey.com,
Rich,Rusk,rrusk2d@gizmodo.com,
Buddie,Larimer,blarimer2e@amazonaws.com,Visual Designer
Nerti,Ellacott,nellacott2f@sourceforge.net,"Senior Manager, Production Engineering"
Hershel,Matyashev,hmatyashev2g@newsvine.com,People Operations Specialist
Stacy,Mousley,smousley2h@prweb.com,Enterprise Account Executive
Field,Imbrey,fimbrey2i@sohu.com,"Mgr II, Detection & Response"
Ora,Glasson,oglasson2j@rambler.ru,
Amabelle,Curnick,acurnick2k@princeton.edu,Enterprise Account Executive
Michale,Dust,mdust2l@reuters.com,Technical Account Manager
Ruthy,Gergus,rgergus2m@angelfire.com,Account Development Rep
Rosalinda,Pearcy,rpearcy2n@desdev.cn,Sr. Recruiting Coordinator
Hildegarde,Stefanovic,hstefanovic2o@yahoo.co.jp,
Constanta,Antham,cantham2p@umn.edu,Asia Account Executive
Kimberley,Wressell,kwressell2q@weather.com,R&D Content Engineer
Nance,Eakly,neakly2r@weather.com,Mid Market Account Executive
Bee,McGeagh,bmcgeagh2s@twitpic.com,Marketing Systems Architect
Patsy,Heaker,pheaker2t@desdev.cn,"Manager, Recruiting"
Helenka,Branche,hbranche2u@nifty.com,
Melany,Evreux,mevreux2v@cyberchimps.com,"Sales Manager, SMB Accounts"
Rolf,Razoux,rrazoux2w@bloomberg.com,Product Manager
Samuel,Macguire,smacguire2x@omniture.com,Recruiter
Tamra,Atto,tatto2y@github.io,Principal Solution Architect
Aila,Spat,aspat2z@blogger.com,"Manager, Employee Experience"
Woodrow,Perl,wperl30@nytimes.com,Field Operations Manager
Grethel,Gloucester,ggloucester31@state.tx.us,Detection and Response Jr. Specialist
Demetrius,Rodgerson,drodgerson32@dmoz.org,Partner Marketing Manager
Jacquenetta,Sutherington,jsutherington33@plala.or.jp,"Sr. Manager, Core & Marketing Design"
Madalyn,Hek,mhek34@cbc.ca,
Helen,Cussons,hcussons35@acquirethisname.com,"Director, Application Security"
Odella,Keyte,okeyte36@sun.com,Account Development Rep
Robby,Huckle,rhuckle37@4shared.com,Account Development Rep
Lana,Klyn,lklyn38@spiegel.de,Sr. Director Product Field Vision
Modesta,Berks,mberks39@exblog.jp,Office Manager
Concettina,Dale,cdale3a@linkedin.com,Product Manager
Iver,Fitzmaurice,ifitzmaurice3b@theatlantic.com,SMB Account Manager
Pall,Furman,pfurman3c@umn.edu,Senior Engineer
Daune,O'Duggan,doduggan3d@ucoz.com,Solutions Engineer
Farica,Verchambre,fverchambre3e@guardian.co.uk,CFO
Rosana,Fasham,rfasham3f@prlog.org,"Sr Director, Product"
Wini,Greatbach,wgreatbach3g@squarespace.com,Small Business Account Executive
Sandie,Webb,swebb3h@mit.edu,Technical Account Manager
Sib,Jandera,sjandera3i@theguardian.com,"Solutions Engineering Lead, EMEA"
Gabey,Drewett,gdrewett3j@mapy.cz,"VP, Engineering"
Alli,Wellsman,awellsman3k@toplist.cz,Analyst Relations Manager
Cordy,Sier,csier3l@odnoklassniki.ru,Project Manager
Clem,Crinidge,ccrinidge3m@cisco.com,Account Development Rep
Blanch,Nagle,bnagle3n@storify.com,Senior Engineer
Margery,Guerro,mguerro3o@cargocollective.com,"Manager II, Engineering"
Fawnia,Franciottoi,ffranciottoi3p@wikimedia.org,
Lou,Doncaster,ldoncaster3q@springer.com,Technical Account Manager
Jessika,Crocker,jcrocker3r@sogou.com,Director
Herculie,Garnam,hgarnam3s@oakley.com,Technical Account Manager
Wilfred,Thaller,wthaller3t@uol.com.br,Developer Support Engineer
Tod,Lauritsen,tlauritsen3u@fc2.com,Senior Engineer
Hyatt,Gieraths,hgieraths3v@marketwatch.com,Mid Market Account Executive
Katuscha,Gieves,kgieves3w@merriam-webster.com,
Vance,Angelini,vangelini3x@paginegialle.it,
Lance,Maggiore,lmaggiore3y@desdev.cn,
Tabby,Stile,tstile3z@sourceforge.net,Engineer
Brenna,Glazyer,bglazyer40@reverbnation.com,Senior Engineer II
Melisenda,Jakubovits,mjakubovits41@ebay.co.uk,"Senior Manager, Business Agility"
Kerri,Garretts,kgarretts42@seesaa.net,Senior Engineer II
Darrel,Hovenden,dhovenden43@hexun.com,
Rene,Franc,rfranc44@parallels.com,
Erasmus,Rawsen,erawsen45@dmoz.org,Salesforce Administrator
Gisela,Shaefer,gshaefer46@squidoo.com,Mid Market Account Executive
Ilyse,Schwandner,ischwandner47@go.com,Principal Engineer
Hyman,Tradewell,htradewell48@spotify.com,Staff Engineer
Brucie,Devil,bdevil49@purevolume.com,Principal Engineer
Emerson,Nobriga,enobriga4a@go.com,R&D Content Engineer
Klara,Scowcroft,kscowcroft4b@usnews.com,Solutions Architect
Clayborne,Zisneros,czisneros4c@google.es,Technical Community Manager
Tanhya,Hammell,thammell4d@ca.gov,Enterprise Solutions Engineer
Odell,Greystock,ogreystock4e@hatena.ne.jp,Digital Marketing Manager
Ellissa,McNirlan,emcnirlan4f@adobe.com,Senior Engineer
Mallorie,Deinhard,mdeinhard4g@linkedin.com,Sr. Managed Service Engineer
Fraze,Barniss,fbarniss4h@exblog.jp,Solutions Engineer
Gerrie,Burrells,gburrells4i@harvard.edu,Developer Support Operations Manager
Cristi,Espina,cespina4j@oakley.com,Engineer II
Redd,Carefull,rcarefull4k@jalbum.net,"Director, Enterprise Sales - West"
Pollyanna,Caw,pcaw4l@tinyurl.com,Chief Revenue Officer
Trevar,Hurl,thurl4m@ebay.co.uk,Corporate Account Executive
Padraic,Gaisford,pgaisford4n@cdc.gov,Visual Designer
Lyell,De la Perrelle,ldelaperrelle4o@ucoz.com,Staff Engineer
Matilde,Lockhead,mlockhead4p@home.pl,Enterprise Account Executive
Harriott,Posvner,hposvner4q@ning.com,Senior Engineer
Xerxes,Giacoppoli,xgiacoppoli4r@ftc.gov,Engineer IAM
Sloane,Agge,sagge4s@gmpg.org,IT Support Engineer
Trever,Tunkin,ttunkin4t@xrea.com,
Trudy,Josilowski,tjosilowski4u@tripadvisor.com,
Zach,Johantges,zjohantges4v@altervista.org,Security Engineer DFIR
Benedick,Moulder,bmoulder4w@guardian.co.uk,Engineer
Yolane,Fost,yfost4x@cmu.edu,Consultant
Tad,Ricard,tricard4y@biblegateway.com,
Ursuline,Castrillo,ucastrillo4z@sphinn.com,BI Analyst
Wallie,Leven,wleven50@ovh.net,
Karisa,Happel,khappel51@phoca.cz,Head of Content
Ethelred,Myerscough,emyerscough52@amazonaws.com,Account Development Rep
Carter,Edgcumbe,cedgcumbe53@arstechnica.com,Managed Service Engineer
Roarke,Ruseworth,rruseworth54@is.gd,Engineering Lead
Christina,Ivushkin,civushkin55@tuttocitta.it,Devops Engineer
Shadow,Nodes,snodes56@sciencedirect.com,
Tobi,Kittle,tkittle57@ameblo.jp,
Quinn,Simkin,qsimkin58@booking.com,Product Designer
Opalina,Tohill,otohill59@ifeng.com,Corporate Account Executive
Lonna,Wardlow,lwardlow5a@phpbb.com,Senior Engineer
Perren,Mossman,pmossman5b@alexa.com,"Senior Manager, Engineering"
Chaddie,McQuilliam,cmcquilliam5c@boston.com,Senior Engineer II
Merwyn,Buffin,mbuffin5d@purevolume.com,Senior Engineer II
Erina,Dutnall,edutnall5e@gravatar.com,Growth Strategist
Aaren,MacNair,amacnair5f@plala.or.jp,Senior Engineer
Edmund,Windus,ewindus5g@hexun.com,Senior Engineer
Hendrick,Garling,hgarling5h@army.mil,"Senior Director, Security & Engineering Ops"
Sarette,Mulderrig,smulderrig5i@skyrock.com,
Charity,Parlott,cparlott5j@arstechnica.com,Strategic Account Executive
Seumas,Quinby,squinby5k@ifeng.com,Developer Support Engineer
Tally,Ohms,tohms5l@nbcnews.com,Senior Engineer II
Ronnica,Kubalek,rkubalek5m@sina.com.cn,Marketing Specialist
Somerset,Osburn,sosburn5n@nytimes.com,Field Systems Architect
Lacy,Rannald,lrannald5o@fastcompany.com,"Demand Generation Specialist, EMEA"
Nicoline,Orr,norr5p@ezinearticles.com,Associate General Counsel
Courtnay,Rabjohns,crabjohns5q@oakley.com,Consultant
Monah,Melmore,mmelmore5r@va.gov,"Sr. Engineer, DFIR Security"
Valentine,Mattheissen,vmattheissen5s@dailymail.co.uk,
Adara,Aguilar,aaguilar5t@slate.com,Consultant
Natividad,Dugood,ndugood5u@fastcompany.com,Consultant
Sylvester,Pasek,spasek5v@amazon.co.jp,"Sr Director, Business Development"
Averil,Burgis,aburgis5w@time.com,Technical Writer
Bobette,Abdey,babdey5x@comcast.net,"Director, Sales Operations"
Stormie,Gawn,sgawn5y@patch.com,Senior Security Engineer IAM
Bayard,Barbrick,bbarbrick5z@blogspot.com,
Rudolfo,McGavigan,rmcgavigan60@drupal.org,"Director, Corporate Sales"
Danielle,Bestar,dbestar61@msu.edu,HR Business Partner
Brynne,Symon,bsymon62@xrea.com,
Theda,Grayley,tgrayley63@irs.gov,Staff Accountant
Pier,Lissemore,plissemore64@mayoclinic.com,"Sr. Manager, Programs"
Rollins,Inder,rinder65@wunderground.com,Senior Engineer II
Maudie,Treswell,mtreswell66@joomla.org,"Head of Customer Success Management, APAC"
Wolfgang,Tenny,wtenny67@github.io,Co-founder & CEO
Bernette,Dorran,bdorran68@auda.org.au,Technical Account Manager
Grove,Tesyro,gtesyro69@tamu.edu,Product Security Engineer
Jermain,Leehane,jleehane6a@booking.com,
Titos,Regan,tregan6b@woothemes.com,UI Engineer
Franny,Splevins,fsplevins6c@123-reg.co.uk,Engineer II
Will,Clemmow,wclemmow6d@ovh.net,"Senior Director, Customer Success"
Marget,Challicombe,mchallicombe6e@last.fm,Data Engineer
Dan,Bloys,dbloys6f@dion.ne.jp,Staff Accountant
Francois,Leacy,fleacy6g@senate.gov,Sr Account Development Representative
Leonora,Guiver,lguiver6h@devhub.com,Staff Product Designer
Vanya,Oxnam,voxnam6i@amazon.de,Senior Engineer II
Julie,Cluett,jcluett6j@china.com.cn,Engineer II
Simonne,Cappineer,scappineer6k@netvibes.com,Senior Engineer II
Ralph,Lemmertz,rlemmertz6l@blogtalkradio.com,Consultant
Jaquith,Booty,jbooty6m@businesswire.com,
Felice,Janca,fjanca6n@epa.gov,Account Development Rep
Sergeant,Titmarsh,stitmarsh6o@elegantthemes.com,Solutions Engineer
Alvy,Vockings,avockings6p@usatoday.com,Sr. Fullstack Engineer II
Brock,Bazley,bbazley6q@about.com,
Judie,Very,jvery6r@issuu.com,Enterprise Account Executive
Graehme,Kindleysides,gkindleysides6s@tiny.cc,Service Delivery Coordinator
Gavin,Cakes,gcakes6t@gov.uk,Senior Engineer II
Paulo,Siggs,psiggs6u@typepad.com,"Staff Engineer, Cloud Security"
Jeannette,Leas,jleas6v@psu.edu,Senior Product Security Engineer
Fidelio,Delap,fdelap6w@sourceforge.net,Senior Engineer II
Lennie,Linch,llinch6x@t.co,"Director, Private SaaS"
Cortie,Stroton,cstroton6y@theguardian.com,"VP, Americas"
Trefor,Delyth,tdelyth6z@360.cn,"Product Owner, Self Service"
Tobiah,Fawkes,tfawkes70@devhub.com,
Thacher,Tomley,ttomley71@google.pl,Account Development Rep
Melantha,Harbord,mharbord72@shutterfly.com,
Paulo,Dillaway,pdillaway73@independent.co.uk,
Cicely,Ghilardi,cghilardi74@sun.com,International HR Manager
Marlowe,Swain,mswain75@freewebs.com,Developer Support Engineer
Brade,Baine,bbaine76@eventbrite.com,Engineer II
Shelden,McDunlevy,smcdunlevy77@umn.edu,IT Support Engineer
Tore,Zettoi,tzettoi78@lycos.com,Full Stack Designer
Arlyne,Beamand,abeamand79@nationalgeographic.com,Engineer
Stanford,Hamsher,shamsher7a@privacy.gov.au,
Donny,Watkiss,dwatkiss7b@acquirethisname.com,Senior Engineer
Cortney,Fallanche,cfallanche7c@usatoday.com,Engineer
Amos,Peltz,apeltz7d@upenn.edu,Account Development Rep
Shara,Benzi,sbenzi7e@amazon.de,Account Development Rep
Rafe,Wiggett,rwiggett7f@mozilla.com,
Patton,Gratten,pgratten7g@cmu.edu,
Auguste,Goldney,agoldney7h@sciencedaily.com,Consultant
Ignazio,Pitman,ipitman7i@smh.com.au,
Gustav,Ruff,gruff7j@squidoo.com,
Timothee,Glaserman,tglaserman7k@go.com,
Bird,Millett,bmillett7l@soup.io,
Xerxes,Seston,xseston7m@scribd.com,Data Engineer
Seymour,Aven,saven7n@goodreads.com,"Senior Manager, Engineering"
Felipe,Slack,fslack7o@blogtalkradio.com,Senior Engineer II
Doti,Caspell,dcaspell7p@hud.gov,Senior Engineer
Alexine,Fredi,afredi7q@slate.com,
Baldwin,Ludman,bludman7r@arizona.edu,Solutions Engineer
Cleopatra,Pesselt,cpesselt7s@123-reg.co.uk,"Sr. Director, PSaaS and Program Delivery"
Wallace,Edscer,wedscer7t@samsung.com,Solutions Engineer
Travis,Dongate,tdongate7u@nydailynews.com,R&D Content Engineer
Rudy,Bracco,rbracco7v@livejournal.com,Solutions Engineer
Babara,Stailey,bstailey7w@pinterest.com,
Jada,Johantges,jjohantges7x@squarespace.com,Engineer I
Celie,Gilroy,cgilroy7y@ycombinator.com,Senior Engineer II
Bertram,Salerno,bsalerno7z@privacy.gov.au,Consultant
Hunt,Poupard,hpoupard80@independent.co.uk,
Horace,Oguz,hoguz81@gnu.org,Enterprise Account Executive
Joell,Somerbell,jsomerbell82@census.gov,Corporate Account Executive
Natalya,Wason,nwason83@bbb.org,Enterprise Account Executive
Ally,Lantiffe,alantiffe84@miibeian.gov.cn,"Director, Customer Marketing"
Kip,Snelling,ksnelling85@mayoclinic.com,Enterprise Account Executive
Torr,Elwyn,telwyn86@wordpress.com,Marketing Operations Manager
Lexi,Fattore,lfattore87@godaddy.com,"Lead, Community"
Dorette,Manby,dmanby88@mediafire.com,Senior Solutions Engineer
Ruthe,Hargreave,rhargreave89@hao123.com,Agile Practitioner
Jeannie,Vasishchev,jvasishchev8a@cdc.gov,"Manager I, Service Delivery"
Myrtle,Ambrosoli,mambrosoli8b@hp.com,Director of Field Partner Marketing
Timothee,Scargle,tscargle8c@weebly.com,Staff Growth Strategist II
Tarrance,Joutapaitis,tjoutapaitis8d@smugmug.com,Devops Engineer
Tani,Domleo,tdomleo8e@reuters.com,Principal Architect
Brook,Prium,bprium8f@hhs.gov,Senior Engineer
Lesli,Reisenstein,lreisenstein8g@usnews.com,Product Manager
Eirena,Leggs,eleggs8h@livejournal.com,Consultant
Vonnie,Growcott,vgrowcott8i@java.com,Senior Engineer
Addy,Necolds,anecolds8j@yale.edu,Agile Practitioner
Caritta,Kerswell,ckerswell8k@cbslocal.com,"VP, Solution Engineering"
Dimitry,Freer,dfreer8l@typepad.com,Strategic Account Executive
Carmella,Stickens,cstickens8m@clickbank.net,Solutions Architect
Keen,Sigmund,ksigmund8n@jimdo.com,Staff Engineer
Grete,Krystof,gkrystof8o@economist.com,Account Development Rep
Eamon,Swigg,eswigg8p@jiathis.com,"Director, Corporate Communications"
Krista,Harnwell,kharnwell8q@mozilla.com,Account Development Rep
Talia,Baly,tbaly8r@google.ru,Senior Product Security Engineer
Akim,Cornell,acornell8s@timesonline.co.uk,Technical Writer
Elva,L'oiseau,eloiseau8t@discovery.com,Senior Engineer
Florida,Isenor,fisenor8u@dyndns.org,"Sr. Director, Sales - East"
Link,Milsted,lmilsted8v@huffingtonpost.com,Managed Service Engineer
Jenni,Cassy,jcassy8w@noaa.gov,Sr. BizOps & Strategy Manager
Salim,Flood,sflood8x@amazon.co.uk,
Sigfried,Cornilli,scornilli8y@nifty.com,Events Marketing Manager
Winnie,Pobjoy,wpobjoy8z@chicagotribune.com,Account Manager
Rice,Broxholme,rbroxholme90@microsoft.com,Business Content Manager
Rodolphe,McCullogh,rmccullogh91@1688.com,"VP, General Counsel"
Rafaello,Brimicombe,rbrimicombe92@wiley.com,"Director, FP&A"
Antonius,Shoute,ashoute93@foxnews.com,Senior Engineer II
Cull,Pierce,cpierce94@mozilla.com,"Director, Sales"
Tybalt,Sheen,tsheen95@bravesites.com,Community Lead
Zackariah,Bonnick,zbonnick96@oaic.gov.au,
Dolorita,Cholerton,dcholerton97@examiner.com,"Sr. Director, Engineering"
Reinaldos,Ringer,rringer98@myspace.com,Senior Engineer
Annette,Costy,acosty99@eventbrite.com,Solutions Architect
Rufe,Clinch,rclinch9a@bizjournals.com,CISO/VP Operations
Sumner,Lawn,slawn9b@sun.com,Product Manager
Maegan,Rubinovitch,mrubinovitch9c@php.net,Developer Evangelist
Karlee,Fermor,kfermor9d@exblog.jp,Engineer
Claire,Ruggs,cruggs9e@fastcompany.com,Solutions Engineer
Madlen,Kern,mkern9f@comsenz.com,
Aldo,Penketh,apenketh9g@furl.net,Solutions Architect
Raymond,Marklow,rmarklow9h@slashdot.org,Solutions Engineer
Kylie,Lewens,klewens9i@reverbnation.com,Enterprise Account Executive
Dougie,Dallinder,ddallinder9j@cocolog-nifty.com,
Caterina,Savory,csavory9k@spotify.com,
Ker,de Clerc,kdeclerc9l@goo.gl,Principal Engineer
Aundrea,Losseljong,alosseljong9m@xing.com,Senior Engineer
Judie,Yurukhin,jyurukhin9n@storify.com,Enterprise Account Executive
Rosco,Tilio,rtilio9o@tamu.edu,Managed Service Engineer
Stormie,Dabling,sdabling9p@odnoklassniki.ru,Associate General Counsel
Morey,Gunter,mgunter9q@abc.net.au,"VP, Global Customer Success"
Sunshine,Derisley,sderisley9r@theglobeandmail.com,Account Development Rep
Dick,Braune,dbraune9s@cbsnews.com,Staff Accountant
Dyana,Jacob,djacob9t@theglobeandmail.com,"Renewals Account Manager, EMEA"
Lukas,Fishlock,lfishlock9u@is.gd,Senior Engineer
Willy,Suggett,wsuggett9v@newyorker.com,Senior Engineer
Fedora,Cudby,fcudby9w@harvard.edu,Engineer
Kacey,Lifton,klifton9x@cbc.ca,Principal Engineer
Karlene,Arnao,karnao9y@barnesandnoble.com,"Lead, DSE"
Arin,Guyers,aguyers9z@yelp.com,
Hayward,Drayson,hdraysona0@blog.com,
Wainwright,Dureden,wduredena1@acquirethisname.com,Senior Engineer II
Alanson,O'Sheilds,aosheildsa2@omniture.com,Senior Engineer
Cecelia,Cloughton,ccloughtona3@is.gd,Engineer II
Enos,Spinozzi,espinozzia4@liveinternet.ru,
Bordy,Dearle-Palser,bdearlepalsera5@google.ca,Sr. Developer Support Engineer
Ferdinanda,Yearby,fyearbya6@myspace.com,Solutions Architect
Wayne,Gradwell,wgradwella7@wix.com,
Sigismondo,Spens,sspensa8@chronoengine.com,HR Business Partner
Bondie,Sisland,bsislanda9@ucsd.edu,Visual Designer
Rosemary,Hufton,rhuftonaa@canalblog.com,Customer Success Architect
Klara,Bolsover,kbolsoverab@furl.net,Recruiter
Kimbell,Childers,kchildersac@godaddy.com,"Lead, Product Design"
Eddi,Timoney,etimoneyad@1und1.de,General Manager Japan
Johnathon,McArd,jmcardae@cmu.edu,Managed Service Engineer
Bard,Scudder,bscudderaf@sakura.ne.jp,Engineer II
Jackie,Pettko,jpettkoag@ovh.net,
Wakefield,Abbs,wabbsah@webnode.com,R&D Content Engineer
Penn,Wrenn,pwrennai@exblog.jp,Developer Support Associate
Moss,Vaud,mvaudaj@netvibes.com,Senior Developer Support Engineer
Goddart,Coleson,gcolesonak@salon.com,Consultant
Alix,Kitchingman,akitchingmanal@cnn.com,Technical Writer
Kelbee,Gilfether,kgilfetheram@independent.co.uk,
Mateo,Trenfield,mtrenfieldan@geocities.com,"Lead, Recruiter / DEI"
Andi,Kennelly,akennellyao@blogs.com,Sales Enablement Specialist
Lynnell,Crackett,lcrackettap@yandex.ru,Consultant
Karlotte,Gepheart,kgepheartaq@blogspot.com,People Operations Specialist
Chiquita,Swanborough,cswanboroughar@nationalgeographic.com,Solutions Engineer
Conn,Besnard,cbesnardas@toplist.cz,Developer Support Engineer
Ilysa,Joannic,ijoannicat@youtu.be,Consultant
Nanine,Newtown,nnewtownau@mysql.com,PR Manager
Cynthia,Aleksandrev,caleksandrevav@comcast.net,Sales Operations Admin
Alejandro,Haysom,ahaysomaw@etsy.com,Sr. Program Manager
Cyrillus,Aymer,caymerax@nytimes.com,
Shirl,Sugge,ssuggeay@weebly.com,
Oliviero,Broe,obroeaz@bigcartel.com,
Esther,Pitfield,epitfieldb0@slate.com,"Sr. Director, Go To Market"
Jeffie,Ralston,jralstonb1@arizona.edu,
Dulciana,Gabbetis,dgabbetisb2@simplemachines.org,
Loralee,McEntegart,lmcentegartb3@paginegialle.it,Business Operations Manager
Westley,Center,wcenterb4@tiny.cc,Documentation Lead
Fielding,Snookes,fsnookesb5@free.fr,
Zachery,Wassung,zwassungb6@wordpress.org,Developer Support Engineer
Kent,Gartland,kgartlandb7@taobao.com,Enterprise Account Executive
Liesa,Worcs,lworcsb8@posterous.com,Field Marketing Specialist
Cassaundra,Dominichelli,cdominichellib9@g.co,
Ransom,Lenin,rleninba@amazon.de,Recruiter
Nicolas,Forward,nforwardbb@opera.com,"Sr. Director, People"
Symon,Wadelin,swadelinbc@mtv.com,Head of Developer Relations
Dennie,Jonas,djonasbd@constantcontact.com,Community Manager
Mariska,Polin,mpolinbe@constantcontact.com,Corporate Counsel
Gerrard,Cuskery,gcuskerybf@dell.com,Community Manager
Ofella,Roulston,oroulstonbg@wordpress.com,Account Development Rep
Ramon,Heddy,rheddybh@paginegialle.it,Enterprise Account Executive
Geraldine,Crabtree,gcrabtreebi@cisco.com,Developer Support Engineer
Linnea,Novacek,lnovacekbj@walmart.com,Account Development Rep
Damian,Beach,dbeachbk@hc360.com,Customer Success Manager
Monique,Gyves,mgyvesbl@bloglines.com,Office Assistant
Harald,Cordey,hcordeybm@marriott.com,Sr. Managed Service Engineer
Guillaume,Wharrier,gwharrierbn@nature.com,"Sr Manager, Release & Test"
Heidie,Erley,herleybo@newsvine.com,
Walt,Curedell,wcuredellbp@twitpic.com,"Director, Sales"
Daile,Dives,ddivesbq@pbs.org,Service Delivery Coordinator
Lonnie,Hardstaff,lhardstaffbr@blogs.com,Account Development Rep
Ruthann,Szymoni,rszymonibs@nymag.com,Senior Engineer II
Cad,Sjollema,csjollemabt@networksolutions.com,Senior Engineer II
Rubetta,Thomlinson,rthomlinsonbu@bbc.co.uk,Engineer II
Dasie,Spraging,dspragingbv@furl.net,"VP, Corporate Development and Strategy"
Mozelle,Brash,mbrashbw@prweb.com,Controller
Claudine,Caldwall,ccaldwallbx@purevolume.com,Data Engineer
Lodovico,Edgeson,ledgesonby@nationalgeographic.com,Developer Support Engineer
Clayton,Trenbay,ctrenbaybz@cdbaby.com,FP&A Manager
Wally,Waything,wwaythingc0@vk.com,Sales Operations Specialist
Kenneth,Linning,klinningc1@uiuc.edu,Agile Practitioner
Chandra,Tarbard,ctarbardc2@quantcast.com,Field Marketing Manager
Alysia,Philipsen,aphilipsenc3@google.com.hk,
Leeanne,Moorfield,lmoorfieldc4@chronoengine.com,
Archie,Lockley,alockleyc5@creativecommons.org,Data Infrastructure Lead
Goldina,Derisly,gderislyc6@angelfire.com,Developer Support Associate
Kellyann,Pestor,kpestorc7@ovh.net,Engineer II
Morgana,Avramovich,mavramovichc8@google.fr,Senior Engineer II
Madelle,Rubega,mrubegac9@godaddy.com,"Senior Financial Analyst, Forecasting & Budgeting"
Jesse,Vogeler,jvogelerca@reddit.com,R&D Content Engineer
Adda,Defrain,adefraincb@last.fm,
Hubie,Slyde,hslydecc@photobucket.com,Engineer II
Leora,Lias,lliascd@dyndns.org,Growth Acquisition Strategist
Cori,Moggan,cmoggance@aol.com,
Shayne,Ioannou,sioannoucf@lycos.com,Security Program Manager
Enriqueta,Troup,etroupcg@census.gov,Compliance Manager
Orelee,Hooban,ohoobanch@furl.net,Customer Success Manager
Lezley,Sumpter,lsumpterci@washington.edu," Sr Manager, Product Security"
Leanna,Behninck,lbehninckcj@japanpost.jp,Devops Engineer
Boigie,Speeks,bspeeksck@google.fr,"Manager I, Engineering"
Auberta,Piperley,apiperleycl@skyrock.com,Developer Support Engineer
Micheal,Samwyse,msamwysecm@twitter.com,"Customer Success Manager, APAC"
Nicola,Pero,nperocn@ucsd.edu,Instructional Designer
Sullivan,MacDavitt,smacdavittco@hhs.gov,"Senior Manager, Engineering"
Carley,Groucock,cgroucockcp@mac.com,Engineering Manager
Kennie,Davidou,kdavidoucq@aol.com,"Sr. Manager Business Ops, Office of CTO"
Corly,Chant,cchantcr@delicious.com,Customer Success Program Manager
Cara,Ferraraccio,cferraracciocs@canalblog.com,Consultant
Ash,Gibbieson,agibbiesonct@studiopress.com,Strategy & Operations Analyst
Viviana,Shemelt,vshemeltcu@live.com,"Director, Human Resources"
Consuela,Lethibridge,clethibridgecv@salon.com,Application Security Engineer
Philomena,Swafield,pswafieldcw@go.com,Enterprise Account Executive
Lurleen,Jurisch,ljurischcx@csmonitor.com,"VP, Financial Planning & Analysis"
Wilie,Sergeant,wsergeantcy@nymag.com,Technical Account Manager
Maire,Dubs,mdubscz@people.com.cn,Product Owner
Hagan,Wyllcocks,hwyllcocksd0@theguardian.com,"Manager II, Engineering"
Brandy,Gambles,bgamblesd1@army.mil,"VP, Marketing"
Kylie,Lammie,klammied2@jugem.jp,SMB Account Executive
Jayson,Donohue,jdonohued3@sun.com,Payroll Accountant
Lothario,Wyllis,lwyllisd4@yahoo.co.jp,Solutions Engineer
Stephie,O'Tierney,sotierneyd5@com.com,Customer Marketing Manager
Hermione,Fittis,hfittisd6@cdbaby.com,Senior Engineer
Georgy,Perrottet,gperrottetd7@vimeo.com,Enterprise Solutions Engineer
Phillipp,Jeandot,pjeandotd8@lulu.com,Sr. Technical Project Manager
Sisile,Nellen,snellend9@acquirethisname.com,"Co-founder, Chief Technology and Product Officer"
Jervis,Vasyutin,jvasyutinda@baidu.com,Engineer II
Diana,Knightly,dknightlydb@joomla.org,Senior Developer Support Engineer
Netta,Whebell,nwhebelldc@slashdot.org,Applications Engineer
Norris,Greatbanks,ngreatbanksdd@acquirethisname.com,Engineer II
Christen,Parnaby,cparnabyde@cyberchimps.com,Solutions Architect
Lindsay,Allridge,lallridgedf@eventbrite.com,Product Lifecycle Manager
Bondon,Currier,bcurrierdg@nbcnews.com,"Regional Support Manager, Americas"
Filia,Parr,fparrdh@aol.com,Developer Support Engineer
Abbot,Hammond,ahammonddi@amazon.de,Account Development Representative Manager
Fredi,Clulee,fcluleedj@google.it,SMB Account Executive
Reine,Ceney,rceneydk@bandcamp.com,Senior Security Architect
Barry,Munns,bmunnsdl@va.gov,Offensive Security Engineer
Dar,Toma,dtomadm@exblog.jp,"Manager I, Managed Service Engineering"
Alaster,Alyukin,aalyukindn@cisco.com,Consultant
Cordey,Gallandre,cgallandredo@w3.org,Sr. Product Security Engineer
Peder,Gatch,pgatchdp@usatoday.com,Project Manager
Netty,Cockram,ncockramdq@scientificamerican.com,Small Business Account Executive
Conrad,Labbez,clabbezdr@prlog.org,Employee Experience Program Manager
Jephthah,Colquhoun,jcolquhounds@topsy.com,Sr. Product Manager
Sondra,Crippin,scrippindt@tripadvisor.com,"Manager II, Engineering"
Arluene,Aslam,aaslamdu@ftc.gov,Escalation Manager
Thornie,Oldam,toldamdv@i2i.jp,